id,text,from_users_id,to_users_id,visibility ,post_time
1,"",313,394,24,2021-03-11 03:41:46
2,"",881,293,24,2021-03-11 01:01:59
3,"",597,574,24,2021-03-12 17:48:55
4,"",816,561,24,2021-03-12 02:41:13
5,"",951,123,24,2021-03-12 04:41:33
6,"",858,59,24,2021-03-12 19:37:54
7,"",696,411,24,2021-03-12 10:22:00
8,"",213,56,24,2021-03-12 21:20:41
9,"",313,379,24,2021-03-12 01:57:32
10,"",755,616,24,2021-03-12 17:03:25
11,"",114,143,24,2021-03-12 09:37:57
12,"",192,633,24,2021-03-12 10:19:20
13,"",470,658,24,2021-03-11 11:47:54
14,"",934,696,24,2021-03-12 08:53:48
15,"",890,313,24,2021-03-12 19:29:36
16,"",197,51,24,2021-03-11 23:56:40
17,"",282,510,24,2021-03-12 07:48:05
18,"",389,158,24,2021-03-11 22:24:01
19,"",550,383,24,2021-03-12 23:16:40
20,"",136,182,24,2021-03-12 03:31:07
21,"",853,96,24,2021-03-12 20:11:24
22,"",447,302,24,2021-03-12 19:34:57
23,"",82,310,24,2021-03-11 02:44:17
24,"",716,266,24,2021-03-11 05:20:22
25,"",213,9,24,2021-03-12 13:43:38
26,"",6,268,24,2021-03-12 10:03:20
27,"",90,565,24,2021-03-12 03:04:44
28,"",701,350,24,2021-03-11 10:15:36
29,"",68,247,24,2021-03-11 08:10:09
30,"",686,213,24,2021-03-12 22:54:38
31,"",830,269,24,2021-03-11 05:26:22
32,"",709,64,24,2021-03-11 18:46:40
33,"",985,371,24,2021-03-12 04:28:34
34,"",936,453,24,2021-03-11 12:39:11
35,"",331,191,24,2021-03-12 04:37:56
36,"",267,173,24,2021-03-11 21:17:15
37,"",928,197,24,2021-03-11 17:56:06
38,"",244,839,24,2021-03-12 13:46:04
39,"",92,412,24,2021-03-12 17:51:18
40,"",154,552,24,2021-03-12 13:58:37
41,"",277,440,24,2021-03-11 04:36:08
42,"",47,549,24,2021-03-11 01:27:29
43,"",184,990,24,2021-03-11 14:21:29
44,"",486,731,24,2021-03-11 18:22:57
45,"",560,680,24,2021-03-12 19:27:00
46,"",224,9,24,2021-03-12 07:24:45
47,"",869,130,24,2021-03-12 12:16:06
48,"",658,805,24,2021-03-11 02:01:54
49,"",551,500,24,2021-03-11 00:37:09
50,"",49,713,24,2021-03-11 05:52:28
51,"",194,207,24,2021-03-12 21:26:03
52,"",677,701,24,2021-03-12 08:41:02
53,"",354,488,24,2021-03-12 02:59:44
54,"",274,487,24,2021-03-11 04:56:02
55,"",716,701,24,2021-03-12 08:50:48
56,"",510,27,24,2021-03-11 12:04:38
57,"",120,453,24,2021-03-12 05:43:53
58,"",300,20,24,2021-03-12 00:33:19
59,"",525,597,24,2021-03-12 03:37:20
60,"",542,86,24,2021-03-11 06:14:52
61,"",685,54,24,2021-03-12 07:14:26
62,"",953,495,24,2021-03-12 22:39:55
63,"",836,334,24,2021-03-11 12:11:36
64,"",680,85,24,2021-03-11 20:40:13
65,"",422,801,24,2021-03-11 11:17:08
66,"",487,479,24,2021-03-12 21:22:33
67,"",44,902,24,2021-03-12 14:19:01
68,"",102,983,24,2021-03-12 22:03:57
69,"",891,236,24,2021-03-11 10:48:14
70,"",266,596,24,2021-03-11 05:23:22
71,"",311,635,24,2021-03-12 15:48:10
72,"",338,757,24,2021-03-11 14:15:24
73,"",314,614,24,2021-03-12 04:31:05
74,"",894,199,24,2021-03-11 11:20:08
75,"",431,778,24,2021-03-11 04:54:59
76,"",811,780,24,2021-03-12 23:22:18
77,"",876,243,24,2021-03-11 03:43:57
78,"",966,793,24,2021-03-11 07:56:30
79,"",464,656,24,2021-03-11 00:23:09
80,"",445,603,24,2021-03-12 12:57:18
81,"",669,570,24,2021-03-11 12:43:23
82,"",115,578,24,2021-03-11 23:01:44
83,"",638,884,24,2021-03-12 11:28:39
84,"",770,480,24,2021-03-11 18:05:01
85,"",587,529,24,2021-03-11 21:59:50
86,"",181,994,24,2021-03-11 21:15:04
87,"",828,723,24,2021-03-11 00:42:00
88,"",453,896,24,2021-03-12 23:01:49
89,"",263,632,24,2021-03-12 19:20:25
90,"",337,242,24,2021-03-11 16:16:20
91,"",269,414,24,2021-03-12 22:38:32
92,"",381,467,24,2021-03-11 04:12:21
93,"",532,689,24,2021-03-12 11:44:10
94,"",972,949,24,2021-03-11 09:28:11
95,"",554,880,24,2021-03-12 15:04:49
96,"",430,465,24,2021-03-11 13:04:44
97,"",595,847,24,2021-03-11 17:55:07
98,"",404,990,24,2021-03-11 14:01:24
99,"",634,257,24,2021-03-12 05:52:15
100,"",833,133,24,2021-03-12 07:47:05
101,"",199,150,24,2021-03-11 23:20:33
102,"",459,518,24,2021-03-11 17:12:44
103,"",645,803,24,2021-03-12 18:36:43
104,"",212,164,24,2021-03-12 14:43:55
105,"",86,746,24,2021-03-12 21:08:11
106,"",755,149,24,2021-03-11 08:58:28
107,"",358,594,24,2021-03-12 00:15:07
108,"",889,695,24,2021-03-12 03:12:12
109,"",866,804,24,2021-03-12 23:57:47
110,"",963,758,24,2021-03-11 00:05:36
111,"",327,690,24,2021-03-12 05:06:31
112,"",700,719,24,2021-03-12 00:16:11
113,"",105,528,24,2021-03-12 02:01:20
114,"",772,837,24,2021-03-12 05:15:54
115,"",992,593,24,2021-03-12 20:17:07
116,"",382,494,24,2021-03-11 17:55:19
117,"",738,528,24,2021-03-12 22:55:35
118,"",783,882,24,2021-03-11 05:59:28
119,"",455,517,24,2021-03-11 07:50:32
120,"",659,983,24,2021-03-12 10:36:00
121,"",193,744,24,2021-03-12 08:53:39
122,"",235,332,24,2021-03-11 01:20:28
123,"",604,58,24,2021-03-11 16:01:19
124,"",104,537,24,2021-03-11 01:06:20
125,"",711,579,24,2021-03-11 11:00:57
126,"",377,574,24,2021-03-11 22:46:06
127,"",547,325,24,2021-03-11 09:50:52
128,"",460,934,24,2021-03-11 15:31:44
129,"",211,597,24,2021-03-11 08:39:57
130,"",304,207,24,2021-03-11 11:39:10
131,"",249,806,24,2021-03-11 21:34:30
132,"",603,164,24,2021-03-12 13:44:11
133,"",859,523,24,2021-03-11 13:52:56
134,"",761,250,24,2021-03-12 15:31:43
135,"",657,266,24,2021-03-12 15:05:21
136,"",136,822,24,2021-03-12 17:45:54
137,"",912,108,24,2021-03-11 08:42:26
138,"",925,726,24,2021-03-12 14:46:27
139,"",111,642,24,2021-03-11 09:30:09
140,"",937,458,24,2021-03-11 15:55:43
141,"",160,647,24,2021-03-12 19:25:28
142,"",403,678,24,2021-03-11 09:23:48
143,"",880,689,24,2021-03-12 15:57:01
144,"",325,307,24,2021-03-12 03:35:13
145,"",114,739,24,2021-03-11 20:01:15
146,"",665,554,24,2021-03-11 01:33:18
147,"",683,74,24,2021-03-12 17:26:02
148,"",518,525,24,2021-03-12 08:10:46
149,"",895,733,24,2021-03-12 19:04:51
150,"",237,666,24,2021-03-11 14:55:53
151,"",395,853,24,2021-03-11 13:30:32
152,"",861,540,24,2021-03-11 06:24:07
153,"",585,350,24,2021-03-12 20:09:24
154,"",841,259,24,2021-03-12 00:41:56
155,"",189,473,24,2021-03-11 01:46:07
156,"",823,793,24,2021-03-11 22:17:39
157,"",199,62,24,2021-03-12 14:12:02
158,"",25,157,24,2021-03-11 07:40:41
159,"",195,107,24,2021-03-11 20:27:19
160,"",981,846,24,2021-03-11 18:08:27
161,"",665,371,24,2021-03-11 22:03:50
162,"",819,512,24,2021-03-11 05:31:38
163,"",936,619,24,2021-03-11 22:03:13
164,"",591,865,24,2021-03-12 11:29:24
165,"",119,176,24,2021-03-12 08:37:29
166,"",82,821,24,2021-03-11 10:20:04
167,"",181,182,24,2021-03-11 08:19:12
168,"",896,622,24,2021-03-11 03:29:25
169,"",465,853,24,2021-03-12 14:19:51
170,"",636,899,24,2021-03-12 19:38:33
171,"",613,626,24,2021-03-11 18:24:55
172,"",122,812,24,2021-03-12 15:52:28
173,"",845,91,24,2021-03-12 20:18:14
174,"",596,376,24,2021-03-12 05:16:34
175,"",509,671,24,2021-03-11 10:21:12
176,"",494,619,24,2021-03-11 19:13:03
177,"",269,285,24,2021-03-12 04:28:23
178,"",126,437,24,2021-03-12 17:43:49
179,"",656,453,24,2021-03-12 10:00:12
180,"",463,213,24,2021-03-12 12:21:24
181,"",709,824,24,2021-03-12 14:35:13
182,"",947,853,24,2021-03-11 00:35:25
183,"",438,15,24,2021-03-12 01:49:34
184,"",482,134,24,2021-03-11 22:39:54
185,"",453,652,24,2021-03-11 18:18:39
186,"",637,419,24,2021-03-12 04:17:17
187,"",90,635,24,2021-03-11 06:33:28
188,"",457,840,24,2021-03-12 04:17:18
189,"",285,778,24,2021-03-11 02:12:25
190,"",842,585,24,2021-03-11 19:49:50
191,"",651,684,24,2021-03-12 21:12:27
192,"",14,311,24,2021-03-11 12:55:28
193,"",565,265,24,2021-03-11 18:57:08
194,"",30,728,24,2021-03-11 09:09:55
195,"",847,668,24,2021-03-11 12:12:10
196,"",453,676,24,2021-03-12 21:06:36
197,"",548,95,24,2021-03-11 22:45:08
198,"",686,828,24,2021-03-11 22:20:44
199,"",31,925,24,2021-03-11 16:20:16
200,"",428,46,24,2021-03-11 04:18:27
201,"",16,766,24,2021-03-11 14:00:49
202,"",572,470,24,2021-03-12 19:04:21
203,"",676,57,24,2021-03-11 05:52:53
204,"",843,668,24,2021-03-12 10:53:57
205,"",941,51,24,2021-03-11 05:58:34
206,"",960,378,24,2021-03-12 16:28:59
207,"",265,648,24,2021-03-11 22:22:33
208,"",28,438,24,2021-03-11 10:25:25
209,"",382,868,24,2021-03-11 13:22:31
210,"",307,905,24,2021-03-12 07:33:29
211,"",686,137,24,2021-03-11 17:06:49
212,"",96,861,24,2021-03-12 05:06:33
213,"",635,353,24,2021-03-12 06:59:04
214,"",676,833,24,2021-03-12 11:05:00
215,"",381,500,24,2021-03-11 02:05:52
216,"",205,742,24,2021-03-12 02:38:35
217,"",337,915,24,2021-03-11 18:20:04
218,"",308,346,24,2021-03-11 12:10:26
219,"",31,986,24,2021-03-11 20:42:33
220,"",934,895,24,2021-03-11 23:06:48
221,"",549,932,24,2021-03-12 13:52:47
222,"",751,67,24,2021-03-11 23:06:41
223,"",483,907,24,2021-03-12 08:56:46
224,"",392,178,24,2021-03-11 22:42:15
225,"",73,146,24,2021-03-12 17:56:08
226,"",539,600,24,2021-03-11 14:23:55
227,"",86,991,24,2021-03-12 04:55:30
228,"",921,456,24,2021-03-12 11:19:48
229,"",865,227,24,2021-03-11 10:27:31
230,"",148,527,24,2021-03-11 10:31:44
231,"",198,271,24,2021-03-11 02:45:56
232,"",843,116,24,2021-03-12 17:06:51
233,"",65,532,24,2021-03-12 08:39:07
234,"",710,457,24,2021-03-12 22:02:19
235,"",299,253,24,2021-03-12 16:45:25
236,"",731,642,24,2021-03-11 06:48:41
237,"",149,951,24,2021-03-11 18:31:33
238,"",438,702,24,2021-03-12 00:39:26
239,"",139,304,24,2021-03-11 13:29:57
240,"",103,359,24,2021-03-12 23:28:54
241,"",737,893,24,2021-03-12 23:46:02
242,"",366,154,24,2021-03-12 22:10:08
243,"",507,6,24,2021-03-12 04:23:00
244,"",612,776,24,2021-03-11 05:21:04
245,"",649,296,24,2021-03-12 17:43:11
246,"",600,206,24,2021-03-12 09:55:29
247,"",844,307,24,2021-03-11 15:37:32
248,"",134,598,24,2021-03-12 16:45:19
249,"",477,196,24,2021-03-11 12:29:33
250,"",2,169,24,2021-03-11 08:28:25
251,"",707,932,24,2021-03-11 15:20:17
252,"",708,941,24,2021-03-11 17:01:40
253,"",514,267,24,2021-03-11 13:44:49
254,"",747,198,24,2021-03-12 07:04:55
255,"",654,607,24,2021-03-11 06:38:10
256,"",928,143,24,2021-03-12 21:13:04
257,"",159,734,24,2021-03-11 03:55:06
258,"",349,779,24,2021-03-11 04:49:20
259,"",643,735,24,2021-03-12 06:43:49
260,"",231,248,24,2021-03-11 09:14:59
261,"",245,857,24,2021-03-12 04:28:14
262,"",932,176,24,2021-03-11 21:15:25
263,"",906,237,24,2021-03-11 01:13:11
264,"",675,586,24,2021-03-12 08:50:27
265,"",743,991,24,2021-03-11 13:56:40
266,"",452,184,24,2021-03-12 17:51:14
267,"",794,370,24,2021-03-11 10:00:05
268,"",538,421,24,2021-03-11 20:33:26
269,"",919,196,24,2021-03-11 12:07:54
270,"",539,265,24,2021-03-11 09:05:22
271,"",823,389,24,2021-03-12 00:28:32
272,"",493,84,24,2021-03-12 14:55:31
273,"",472,506,24,2021-03-12 21:49:46
274,"",32,289,24,2021-03-11 09:01:49
275,"",601,695,24,2021-03-11 19:36:13
276,"",706,454,24,2021-03-12 13:16:46
277,"",855,126,24,2021-03-12 17:58:40
278,"",857,545,24,2021-03-11 10:14:30
279,"",505,29,24,2021-03-12 14:18:25
280,"",792,688,24,2021-03-11 16:07:17
281,"",986,793,24,2021-03-12 10:05:47
282,"",334,638,24,2021-03-11 05:50:27
283,"",255,419,24,2021-03-12 21:25:01
284,"",137,316,24,2021-03-11 12:28:33
285,"",674,972,24,2021-03-11 16:58:57
286,"",17,993,24,2021-03-12 21:12:37
287,"",976,334,24,2021-03-12 13:18:39
288,"",351,152,24,2021-03-12 22:41:04
289,"",999,448,24,2021-03-12 03:06:51
290,"",10,943,24,2021-03-12 06:53:47
291,"",61,355,24,2021-03-12 03:59:10
292,"",275,78,24,2021-03-12 23:38:52
293,"",324,600,24,2021-03-12 22:15:39
294,"",352,41,24,2021-03-12 00:49:15
295,"",663,447,24,2021-03-11 12:29:16
296,"",1,216,24,2021-03-11 06:42:05
297,"",651,568,24,2021-03-11 20:58:46
298,"",929,235,24,2021-03-12 17:47:39
299,"",301,281,24,2021-03-12 13:05:16
300,"",837,931,24,2021-03-12 04:57:14
301,"",204,44,24,2021-03-12 06:51:23
302,"",60,505,24,2021-03-11 06:52:06
303,"",43,452,24,2021-03-11 13:24:23
304,"",812,357,24,2021-03-12 03:38:47
305,"",320,155,24,2021-03-11 03:14:18
306,"",479,104,24,2021-03-11 19:56:02
307,"",558,19,24,2021-03-11 13:03:33
308,"",969,5,24,2021-03-12 05:10:21
309,"",525,958,24,2021-03-12 00:25:26
310,"",209,292,24,2021-03-11 14:56:49
311,"",145,450,24,2021-03-11 20:03:54
312,"",598,151,24,2021-03-11 14:24:48
313,"",65,220,24,2021-03-11 06:32:41
314,"",829,909,24,2021-03-11 11:47:17
315,"",622,149,24,2021-03-12 14:49:12
316,"",274,186,24,2021-03-11 13:01:11
317,"",258,805,24,2021-03-12 19:24:50
318,"",383,245,24,2021-03-11 23:36:25
319,"",394,380,24,2021-03-11 11:08:25
320,"",235,134,24,2021-03-11 12:43:21
321,"",632,532,24,2021-03-12 03:19:43
322,"",374,199,24,2021-03-12 08:51:28
323,"",456,429,24,2021-03-12 20:13:57
324,"",592,388,24,2021-03-12 23:59:31
325,"",971,646,24,2021-03-11 21:51:46
326,"",535,211,24,2021-03-12 06:53:19
327,"",537,775,24,2021-03-12 12:57:37
328,"",791,43,24,2021-03-11 20:34:03
329,"",606,37,24,2021-03-12 15:12:44
330,"",217,127,24,2021-03-11 04:19:09
331,"",344,847,24,2021-03-11 00:20:08
332,"",933,944,24,2021-03-12 17:53:45
333,"",299,300,24,2021-03-11 06:44:35
334,"",579,906,24,2021-03-12 09:18:42
335,"",866,73,24,2021-03-11 05:25:00
336,"",647,574,24,2021-03-11 08:41:29
337,"",275,286,24,2021-03-12 13:41:26
338,"",572,497,24,2021-03-12 11:27:39
339,"",138,119,24,2021-03-11 16:23:17
340,"",513,547,24,2021-03-11 14:39:54
341,"",281,717,24,2021-03-12 08:43:51
342,"",950,592,24,2021-03-12 10:58:12
343,"",455,465,24,2021-03-11 21:21:54
344,"",962,940,24,2021-03-12 18:46:23
345,"",38,145,24,2021-03-12 17:31:28
346,"",213,894,24,2021-03-11 15:38:21
347,"",41,761,24,2021-03-11 23:57:54
348,"",649,533,24,2021-03-11 06:03:10
349,"",420,118,24,2021-03-12 00:40:28
350,"",28,284,24,2021-03-11 11:55:39
351,"",609,277,24,2021-03-12 07:58:12
352,"",820,586,24,2021-03-12 15:34:27
353,"",879,488,24,2021-03-12 19:25:28
354,"",994,218,24,2021-03-11 11:41:36
355,"",580,407,24,2021-03-11 18:37:39
356,"",788,733,24,2021-03-11 22:42:07
357,"",1,668,24,2021-03-12 21:12:32
358,"",302,142,24,2021-03-12 18:51:44
359,"",615,800,24,2021-03-11 17:56:21
360,"",161,239,24,2021-03-12 06:15:43
361,"",46,116,24,2021-03-12 23:07:04
362,"",739,894,24,2021-03-11 17:35:22
363,"",17,76,24,2021-03-11 09:31:06
364,"",201,792,24,2021-03-12 01:04:02
365,"",480,760,24,2021-03-12 13:20:57
366,"",571,85,24,2021-03-12 10:20:25
367,"",307,101,24,2021-03-11 16:36:52
368,"",863,775,24,2021-03-12 03:57:42
369,"",541,265,24,2021-03-12 19:43:33
370,"",370,674,24,2021-03-11 02:33:28
371,"",664,54,24,2021-03-11 16:23:57
372,"",569,316,24,2021-03-11 21:06:13
373,"",380,747,24,2021-03-11 12:15:32
374,"",263,745,24,2021-03-12 19:08:49
375,"",625,574,24,2021-03-12 11:01:00
376,"",680,918,24,2021-03-12 10:52:17
377,"",943,289,24,2021-03-12 00:08:59
378,"",349,143,24,2021-03-11 02:39:56
379,"",819,263,24,2021-03-12 05:42:21
380,"",253,868,24,2021-03-11 23:25:13
381,"",906,109,24,2021-03-12 10:30:19
382,"",464,744,24,2021-03-12 03:57:24
383,"",754,800,24,2021-03-11 11:29:27
384,"",862,628,24,2021-03-12 17:34:04
385,"",943,385,24,2021-03-11 22:46:57
386,"",777,901,24,2021-03-12 19:28:38
387,"",291,222,24,2021-03-12 06:08:56
388,"",865,85,24,2021-03-12 00:30:34
389,"",315,61,24,2021-03-12 18:12:44
390,"",785,375,24,2021-03-12 12:47:47
391,"",677,119,24,2021-03-12 23:22:35
392,"",249,522,24,2021-03-12 19:09:13
393,"",184,567,24,2021-03-12 15:38:28
394,"",549,679,24,2021-03-12 00:21:43
395,"",11,611,24,2021-03-12 03:50:41
396,"",472,645,24,2021-03-11 15:19:06
397,"",798,333,24,2021-03-11 09:52:52
398,"",377,745,24,2021-03-11 03:52:45
399,"",633,751,24,2021-03-11 04:43:34
400,"",253,753,24,2021-03-11 10:27:46
401,"",303,932,24,2021-03-12 00:37:10
402,"",972,336,24,2021-03-11 12:49:20
403,"",357,634,24,2021-03-11 07:12:16
404,"",46,302,24,2021-03-11 03:15:10
405,"",318,391,24,2021-03-11 03:27:05
406,"",200,230,24,2021-03-11 12:25:31
407,"",474,265,24,2021-03-11 14:48:49
408,"",47,103,24,2021-03-12 06:03:38
409,"",327,806,24,2021-03-12 18:08:05
410,"",16,389,24,2021-03-12 11:05:45
411,"",498,325,24,2021-03-11 10:56:52
412,"",652,122,24,2021-03-12 20:10:40
413,"",100,526,24,2021-03-11 15:52:03
414,"",138,651,24,2021-03-12 07:57:24
415,"",776,974,24,2021-03-11 04:54:45
416,"",679,459,24,2021-03-11 20:50:23
417,"",442,285,24,2021-03-12 21:34:26
418,"",786,476,24,2021-03-11 23:12:55
419,"",967,386,24,2021-03-11 00:56:50
420,"",325,208,24,2021-03-11 17:41:36
421,"",980,299,24,2021-03-11 16:07:20
422,"",497,437,24,2021-03-12 14:48:42
423,"",433,527,24,2021-03-12 03:58:47
424,"",583,525,24,2021-03-12 07:30:59
425,"",331,330,24,2021-03-12 14:54:39
426,"",49,914,24,2021-03-12 16:27:09
427,"",931,569,24,2021-03-11 04:56:59
428,"",89,292,24,2021-03-12 07:57:02
429,"",980,470,24,2021-03-12 17:00:13
430,"",946,410,24,2021-03-11 02:00:54
431,"",352,466,24,2021-03-12 23:21:45
432,"",131,566,24,2021-03-12 19:06:39
433,"",432,116,24,2021-03-11 04:32:08
434,"",799,998,24,2021-03-12 17:22:49
435,"",100,106,24,2021-03-11 08:22:18
436,"",67,356,24,2021-03-11 13:39:49
437,"",306,691,24,2021-03-11 00:52:19
438,"",715,836,24,2021-03-12 05:01:37
439,"",237,985,24,2021-03-11 13:42:35
440,"",438,96,24,2021-03-12 11:43:31
441,"",182,639,24,2021-03-12 20:30:32
442,"",381,605,24,2021-03-11 12:47:33
443,"",980,198,24,2021-03-11 00:10:29
444,"",737,452,24,2021-03-11 10:39:48
445,"",204,48,24,2021-03-12 18:17:36
446,"",434,183,24,2021-03-12 10:54:47
447,"",224,797,24,2021-03-12 05:16:33
448,"",894,162,24,2021-03-11 02:57:53
449,"",287,424,24,2021-03-11 16:46:22
450,"",32,445,24,2021-03-12 12:07:58
451,"",808,129,24,2021-03-12 21:18:49
452,"",984,228,24,2021-03-12 14:15:52
453,"",755,493,24,2021-03-12 10:16:31
454,"",190,599,24,2021-03-11 22:03:33
455,"",108,45,24,2021-03-11 22:22:47
456,"",197,558,24,2021-03-11 10:14:24
457,"",912,716,24,2021-03-11 00:56:03
458,"",255,785,24,2021-03-12 04:10:43
459,"",336,483,24,2021-03-11 18:03:08
460,"",627,108,24,2021-03-12 00:37:02
461,"",288,370,24,2021-03-12 16:16:37
462,"",688,206,24,2021-03-12 19:37:46
463,"",537,365,24,2021-03-11 22:44:24
464,"",445,10,24,2021-03-11 22:41:53
465,"",447,541,24,2021-03-12 07:42:18
466,"",19,111,24,2021-03-11 10:11:48
467,"",15,555,24,2021-03-11 02:34:43
468,"",605,190,24,2021-03-11 22:42:04
469,"",117,66,24,2021-03-11 14:44:21
470,"",830,489,24,2021-03-12 09:52:25
471,"",526,771,24,2021-03-12 15:27:28
472,"",854,141,24,2021-03-12 12:58:21
473,"",994,56,24,2021-03-11 16:04:51
474,"",698,29,24,2021-03-11 00:03:26
475,"",673,192,24,2021-03-11 04:43:35
476,"",979,864,24,2021-03-11 10:38:42
477,"",431,183,24,2021-03-12 16:27:56
478,"",237,583,24,2021-03-11 08:26:17
479,"",69,613,24,2021-03-12 07:35:06
480,"",827,95,24,2021-03-11 01:04:44
481,"",938,623,24,2021-03-11 06:45:54
482,"",230,25,24,2021-03-11 02:05:10
483,"",641,660,24,2021-03-11 20:26:34
484,"",662,414,24,2021-03-12 18:23:43
485,"",425,847,24,2021-03-12 19:14:04
486,"",986,201,24,2021-03-12 12:39:33
487,"",660,820,24,2021-03-11 14:14:13
488,"",423,124,24,2021-03-12 12:35:16
489,"",444,376,24,2021-03-12 16:01:56
490,"",939,99,24,2021-03-12 10:56:49
491,"",436,786,24,2021-03-11 13:29:46
492,"",191,188,24,2021-03-11 01:46:20
493,"",84,405,24,2021-03-12 01:45:30
494,"",411,888,24,2021-03-12 23:34:32
495,"",192,37,24,2021-03-12 22:06:31
496,"",793,631,24,2021-03-11 07:17:06
497,"",37,177,24,2021-03-12 10:47:10
498,"",681,513,24,2021-03-12 01:34:43
499,"",648,283,24,2021-03-11 08:58:35
500,"",290,965,24,2021-03-12 04:20:52
501,"",667,646,24,2021-03-11 07:04:12
502,"",612,708,24,2021-03-12 14:18:02
503,"",765,841,24,2021-03-11 05:47:17
504,"",51,241,24,2021-03-12 08:53:23
505,"",663,184,24,2021-03-12 19:03:32
506,"",912,916,24,2021-03-11 23:39:06
507,"",940,701,24,2021-03-11 00:39:02
508,"",139,275,24,2021-03-11 13:55:00
509,"",818,725,24,2021-03-12 01:47:52
510,"",260,751,24,2021-03-11 03:15:36
511,"",178,600,24,2021-03-11 04:49:42
512,"",703,259,24,2021-03-12 02:53:56
513,"",471,108,24,2021-03-11 16:34:45
514,"",77,141,24,2021-03-11 21:03:31
515,"",615,16,24,2021-03-11 05:49:07
516,"",579,227,24,2021-03-12 18:41:52
517,"",992,2,24,2021-03-11 03:17:47
518,"",88,248,24,2021-03-11 07:47:39
519,"",676,368,24,2021-03-11 08:13:02
520,"",372,279,24,2021-03-11 22:20:35
521,"",420,254,24,2021-03-12 17:15:14
522,"",640,284,24,2021-03-12 19:37:52
523,"",676,81,24,2021-03-12 21:14:21
524,"",556,722,24,2021-03-11 02:34:22
525,"",573,696,24,2021-03-11 02:49:16
526,"",11,988,24,2021-03-12 11:06:19
527,"",596,829,24,2021-03-12 12:03:02
528,"",879,414,24,2021-03-12 08:49:35
529,"",712,887,24,2021-03-11 02:22:04
530,"",321,420,24,2021-03-11 15:19:26
531,"",514,705,24,2021-03-12 11:03:33
532,"",615,986,24,2021-03-11 20:21:23
533,"",995,370,24,2021-03-11 13:23:57
534,"",827,293,24,2021-03-11 22:30:50
535,"",251,165,24,2021-03-12 09:42:20
536,"",841,881,24,2021-03-12 13:35:54
537,"",768,829,24,2021-03-11 03:10:52
538,"",479,953,24,2021-03-11 15:50:49
539,"",560,978,24,2021-03-12 13:23:30
540,"",866,909,24,2021-03-12 05:12:26
541,"",363,442,24,2021-03-11 19:01:50
542,"",643,812,24,2021-03-11 16:19:41
543,"",134,790,24,2021-03-11 05:59:59
544,"",776,681,24,2021-03-12 09:07:59
545,"",179,168,24,2021-03-12 22:39:14
546,"",266,110,24,2021-03-12 05:38:06
547,"",438,141,24,2021-03-11 04:39:13
548,"",637,875,24,2021-03-12 04:17:27
549,"",644,577,24,2021-03-11 17:29:03
550,"",736,214,24,2021-03-11 08:15:26
551,"",854,34,24,2021-03-11 15:37:15
552,"",354,287,24,2021-03-11 20:03:58
553,"",958,88,24,2021-03-11 07:04:40
554,"",332,459,24,2021-03-12 21:12:47
555,"",696,731,24,2021-03-11 16:45:27
556,"",450,353,24,2021-03-11 19:06:10
557,"",186,107,24,2021-03-12 11:16:55
558,"",898,274,24,2021-03-11 06:05:30
559,"",691,558,24,2021-03-12 13:49:31
560,"",28,991,24,2021-03-12 04:12:15
561,"",424,357,24,2021-03-11 11:17:12
562,"",777,669,24,2021-03-12 08:26:54
563,"",797,851,24,2021-03-12 22:54:41
564,"",679,471,24,2021-03-12 12:19:05
565,"",649,48,24,2021-03-11 07:35:47
566,"",695,492,24,2021-03-12 00:26:46
567,"",442,203,24,2021-03-12 07:32:49
568,"",247,921,24,2021-03-11 11:54:03
569,"",156,772,24,2021-03-12 14:10:59
570,"",699,181,24,2021-03-11 20:18:16
571,"",974,705,24,2021-03-12 13:07:31
572,"",960,900,24,2021-03-12 14:40:09
573,"",186,309,24,2021-03-12 23:52:02
574,"",477,309,24,2021-03-11 05:04:43
575,"",84,305,24,2021-03-12 13:18:02
576,"",9,273,24,2021-03-11 23:33:32
577,"",204,933,24,2021-03-12 17:22:19
578,"",980,792,24,2021-03-11 06:08:59
579,"",992,533,24,2021-03-11 00:08:39
580,"",751,809,24,2021-03-11 07:54:30
581,"",433,818,24,2021-03-12 12:26:35
582,"",451,206,24,2021-03-11 05:21:38
583,"",189,735,24,2021-03-12 20:00:00
584,"",107,983,24,2021-03-12 12:13:05
585,"",124,765,24,2021-03-12 11:11:22
586,"",47,687,24,2021-03-12 06:54:10
587,"",345,840,24,2021-03-12 11:56:42
588,"",377,14,24,2021-03-12 00:19:31
589,"",129,850,24,2021-03-11 16:52:19
590,"",751,937,24,2021-03-12 00:58:29
591,"",451,903,24,2021-03-11 22:13:41
592,"",469,824,24,2021-03-11 02:55:35
593,"",247,605,24,2021-03-11 03:19:57
594,"",508,802,24,2021-03-12 10:15:16
595,"",723,863,24,2021-03-12 10:07:27
596,"",460,466,24,2021-03-11 12:52:20
597,"",578,998,24,2021-03-12 00:47:41
598,"",574,663,24,2021-03-11 14:01:16
599,"",334,416,24,2021-03-12 09:16:53
600,"",771,313,24,2021-03-11 06:58:09
601,"",423,10,24,2021-03-11 21:03:21
602,"",652,555,24,2021-03-12 21:59:20
603,"",678,446,24,2021-03-11 02:35:19
604,"",549,225,24,2021-03-12 12:29:45
605,"",678,539,24,2021-03-12 05:59:32
606,"",6,190,24,2021-03-11 21:14:59
607,"",459,263,24,2021-03-11 08:27:44
608,"",672,531,24,2021-03-12 00:05:46
609,"",119,101,24,2021-03-12 02:52:54
610,"",923,268,24,2021-03-11 15:45:21
611,"",528,86,24,2021-03-11 15:50:17
612,"",794,18,24,2021-03-11 14:03:34
613,"",878,475,24,2021-03-11 17:19:11
614,"",555,466,24,2021-03-12 19:03:42
615,"",379,253,24,2021-03-11 17:08:09
616,"",955,769,24,2021-03-11 22:02:38
617,"",726,123,24,2021-03-12 22:25:47
618,"",578,255,24,2021-03-12 21:57:52
619,"",890,322,24,2021-03-12 21:00:52
620,"",911,760,24,2021-03-12 04:59:20
621,"",510,719,24,2021-03-11 11:02:26
622,"",738,216,24,2021-03-12 01:11:43
623,"",42,687,24,2021-03-11 04:01:41
624,"",271,92,24,2021-03-12 22:11:49
625,"",467,219,24,2021-03-11 11:41:01
626,"",431,97,24,2021-03-11 00:30:57
627,"",570,80,24,2021-03-11 23:26:44
628,"",761,709,24,2021-03-12 18:15:10
629,"",406,995,24,2021-03-12 22:18:57
630,"",581,570,24,2021-03-11 00:27:23
631,"",152,355,24,2021-03-11 16:56:56
632,"",820,627,24,2021-03-12 18:20:23
633,"",333,209,24,2021-03-12 15:50:19
634,"",6,229,24,2021-03-11 20:30:34
635,"",16,13,24,2021-03-12 20:15:08
636,"",398,540,24,2021-03-12 10:23:04
637,"",807,352,24,2021-03-11 22:59:28
638,"",899,395,24,2021-03-12 11:02:14
639,"",764,751,24,2021-03-11 10:37:23
640,"",694,567,24,2021-03-11 18:32:15
641,"",827,68,24,2021-03-11 17:31:41
642,"",593,857,24,2021-03-11 10:30:28
643,"",805,306,24,2021-03-11 08:58:43
644,"",741,100,24,2021-03-11 07:41:32
645,"",978,208,24,2021-03-11 08:55:49
646,"",237,205,24,2021-03-12 19:38:18
647,"",2,704,24,2021-03-11 06:06:32
648,"",796,988,24,2021-03-11 03:44:10
649,"",415,14,24,2021-03-12 13:55:02
650,"",155,168,24,2021-03-12 07:37:08
651,"",999,171,24,2021-03-11 08:51:34
652,"",506,77,24,2021-03-11 18:49:55
653,"",378,132,24,2021-03-12 23:53:14
654,"",13,931,24,2021-03-12 12:44:51
655,"",252,981,24,2021-03-12 18:00:31
656,"",403,589,24,2021-03-11 04:25:13
657,"",985,626,24,2021-03-11 12:09:49
658,"",440,186,24,2021-03-11 15:13:54
659,"",934,140,24,2021-03-11 03:07:02
660,"",686,685,24,2021-03-11 05:23:38
661,"",601,826,24,2021-03-11 17:16:21
662,"",627,103,24,2021-03-12 12:25:51
663,"",249,452,24,2021-03-12 19:21:24
664,"",97,425,24,2021-03-12 14:32:34
665,"",327,579,24,2021-03-11 11:04:17
666,"",610,655,24,2021-03-12 04:57:44
667,"",945,456,24,2021-03-12 07:27:23
668,"",627,927,24,2021-03-12 03:03:17
669,"",201,718,24,2021-03-11 18:03:50
670,"",834,154,24,2021-03-12 09:33:24
671,"",675,791,24,2021-03-11 01:16:46
672,"",636,887,24,2021-03-12 22:12:01
673,"",382,694,24,2021-03-12 00:41:40
674,"",342,297,24,2021-03-12 09:09:53
675,"",668,635,24,2021-03-11 20:23:22
676,"",420,259,24,2021-03-11 16:37:17
677,"",87,612,24,2021-03-11 00:45:00
678,"",885,872,24,2021-03-12 17:26:25
679,"",982,123,24,2021-03-12 09:25:56
680,"",366,832,24,2021-03-12 20:46:23
681,"",7,758,24,2021-03-11 22:28:27
682,"",224,175,24,2021-03-12 13:02:04
683,"",703,481,24,2021-03-11 14:50:27
684,"",277,948,24,2021-03-11 09:49:10
685,"",196,484,24,2021-03-11 20:12:22
686,"",703,909,24,2021-03-11 19:52:18
687,"",812,751,24,2021-03-12 05:28:38
688,"",422,24,24,2021-03-12 04:10:41
689,"",513,663,24,2021-03-12 06:00:35
690,"",593,841,24,2021-03-11 15:29:05
691,"",854,256,24,2021-03-11 11:08:17
692,"",982,71,24,2021-03-11 07:16:25
693,"",27,233,24,2021-03-11 09:46:43
694,"",81,570,24,2021-03-11 08:05:42
695,"",817,610,24,2021-03-11 09:02:07
696,"",186,562,24,2021-03-11 05:12:57
697,"",228,414,24,2021-03-12 07:21:07
698,"",700,166,24,2021-03-12 04:09:29
699,"",875,266,24,2021-03-11 00:12:13
700,"",171,68,24,2021-03-12 04:34:46
701,"",997,23,24,2021-03-11 13:19:36
702,"",57,437,24,2021-03-12 11:53:06
703,"",236,482,24,2021-03-12 20:48:34
704,"",294,616,24,2021-03-11 15:04:57
705,"",222,853,24,2021-03-11 01:10:21
706,"",962,376,24,2021-03-12 00:46:02
707,"",467,638,24,2021-03-11 10:52:19
708,"",387,545,24,2021-03-12 10:11:36
709,"",187,529,24,2021-03-11 03:06:33
710,"",901,428,24,2021-03-12 01:22:25
711,"",834,851,24,2021-03-12 21:19:40
712,"",609,112,24,2021-03-11 22:43:26
713,"",44,699,24,2021-03-12 21:47:06
714,"",588,230,24,2021-03-11 13:15:17
715,"",723,60,24,2021-03-12 09:46:24
716,"",839,173,24,2021-03-12 21:15:08
717,"",764,839,24,2021-03-11 13:41:46
718,"",747,629,24,2021-03-12 09:05:32
719,"",434,314,24,2021-03-11 08:38:28
720,"",107,480,24,2021-03-12 16:59:14
721,"",797,411,24,2021-03-11 21:42:18
722,"",712,980,24,2021-03-11 06:44:28
723,"",346,586,24,2021-03-11 01:32:11
724,"",705,831,24,2021-03-11 07:55:03
725,"",735,744,24,2021-03-11 23:05:16
726,"",511,522,24,2021-03-11 08:22:32
727,"",679,408,24,2021-03-11 14:41:14
728,"",791,203,24,2021-03-12 08:25:00
729,"",982,531,24,2021-03-11 02:45:52
730,"",648,43,24,2021-03-12 22:11:03
731,"",86,66,24,2021-03-12 23:50:14
732,"",53,386,24,2021-03-12 11:35:38
733,"",492,780,24,2021-03-11 03:00:12
734,"",815,464,24,2021-03-12 19:35:36
735,"",924,611,24,2021-03-12 09:54:38
736,"",938,741,24,2021-03-11 05:59:52
737,"",613,265,24,2021-03-12 07:12:31
738,"",586,284,24,2021-03-12 13:18:59
739,"",186,257,24,2021-03-12 12:49:18
740,"",614,385,24,2021-03-12 23:08:21
741,"",732,85,24,2021-03-12 03:55:51
742,"",708,942,24,2021-03-12 22:43:47
743,"",986,808,24,2021-03-12 07:59:27
744,"",344,440,24,2021-03-12 07:50:01
745,"",576,367,24,2021-03-11 09:54:43
746,"",525,382,24,2021-03-11 11:38:07
747,"",843,911,24,2021-03-12 09:32:27
748,"",773,130,24,2021-03-11 12:00:01
749,"",707,167,24,2021-03-11 11:29:03
750,"",867,95,24,2021-03-12 15:42:10
751,"",105,104,24,2021-03-11 21:48:02
752,"",28,903,24,2021-03-11 16:21:01
753,"",267,457,24,2021-03-11 16:54:00
754,"",595,796,24,2021-03-11 19:52:48
755,"",431,412,24,2021-03-12 00:57:19
756,"",373,150,24,2021-03-12 06:15:30
757,"",679,860,24,2021-03-11 08:08:15
758,"",101,461,24,2021-03-11 16:59:29
759,"",427,134,24,2021-03-12 21:47:24
760,"",428,463,24,2021-03-12 04:44:50
761,"",980,307,24,2021-03-12 02:24:47
762,"",144,949,24,2021-03-12 15:44:39
763,"",298,795,24,2021-03-12 21:27:34
764,"",340,345,24,2021-03-11 08:40:46
765,"",292,351,24,2021-03-12 08:01:28
766,"",900,816,24,2021-03-12 23:22:53
767,"",757,21,24,2021-03-12 21:27:55
768,"",318,897,24,2021-03-12 15:30:05
769,"",460,231,24,2021-03-11 07:09:33
770,"",247,946,24,2021-03-12 06:59:26
771,"",511,885,24,2021-03-12 00:27:45
772,"",994,578,24,2021-03-12 19:27:12
773,"",64,247,24,2021-03-11 19:03:45
774,"",329,483,24,2021-03-12 04:59:23
775,"",123,586,24,2021-03-11 13:22:48
776,"",725,762,24,2021-03-11 05:55:53
777,"",58,447,24,2021-03-11 21:48:14
778,"",192,65,24,2021-03-11 00:37:21
779,"",536,661,24,2021-03-12 19:46:06
780,"",766,693,24,2021-03-12 07:14:26
781,"",91,911,24,2021-03-12 05:44:03
782,"",346,508,24,2021-03-12 06:11:55
783,"",881,426,24,2021-03-11 11:45:05
784,"",95,254,24,2021-03-11 03:37:19
785,"",427,227,24,2021-03-12 21:40:05
786,"",6,671,24,2021-03-11 13:58:51
787,"",230,567,24,2021-03-12 17:43:50
788,"",75,942,24,2021-03-12 21:19:17
789,"",893,517,24,2021-03-12 13:17:45
790,"",669,277,24,2021-03-11 00:42:04
791,"",207,810,24,2021-03-12 00:26:46
792,"",594,731,24,2021-03-12 19:22:57
793,"",982,298,24,2021-03-12 14:24:06
794,"",42,724,24,2021-03-11 04:37:07
795,"",349,339,24,2021-03-11 03:34:45
796,"",681,601,24,2021-03-11 19:58:06
797,"",575,906,24,2021-03-11 20:00:49
798,"",453,46,24,2021-03-12 03:15:18
799,"",765,867,24,2021-03-12 11:37:41
800,"",591,715,24,2021-03-11 01:44:50
801,"",88,539,24,2021-03-12 16:05:47
802,"",649,916,24,2021-03-11 20:35:53
803,"",344,413,24,2021-03-11 16:06:58
804,"",454,213,24,2021-03-11 19:21:32
805,"",472,272,24,2021-03-12 06:54:50
806,"",694,580,24,2021-03-12 13:12:51
807,"",557,164,24,2021-03-12 15:21:46
808,"",595,789,24,2021-03-12 06:53:59
809,"",723,84,24,2021-03-11 16:50:46
810,"",62,517,24,2021-03-12 05:35:36
811,"",469,702,24,2021-03-11 12:21:32
812,"",130,447,24,2021-03-12 03:58:10
813,"",739,44,24,2021-03-11 22:46:30
814,"",600,602,24,2021-03-11 05:35:49
815,"",634,987,24,2021-03-12 20:47:56
816,"",907,79,24,2021-03-12 00:00:16
817,"",749,770,24,2021-03-11 07:12:46
818,"",706,545,24,2021-03-11 14:29:50
819,"",515,782,24,2021-03-12 06:40:47
820,"",778,453,24,2021-03-12 16:09:51
821,"",588,919,24,2021-03-11 21:10:12
822,"",124,631,24,2021-03-12 11:26:06
823,"",226,791,24,2021-03-12 05:03:09
824,"",369,53,24,2021-03-12 07:46:52
825,"",895,869,24,2021-03-12 15:22:32
826,"",280,26,24,2021-03-11 22:19:18
827,"",860,146,24,2021-03-11 18:35:44
828,"",524,290,24,2021-03-11 22:59:05
829,"",24,776,24,2021-03-12 22:31:59
830,"",931,198,24,2021-03-12 09:47:23
831,"",788,759,24,2021-03-12 15:27:14
832,"",892,504,24,2021-03-11 09:38:47
833,"",937,753,24,2021-03-12 11:46:45
834,"",767,867,24,2021-03-11 02:51:33
835,"",956,253,24,2021-03-12 18:20:22
836,"",79,361,24,2021-03-12 23:31:14
837,"",10,390,24,2021-03-12 20:24:45
838,"",565,266,24,2021-03-12 06:11:52
839,"",540,349,24,2021-03-11 15:17:44
840,"",68,411,24,2021-03-11 14:42:30
841,"",745,311,24,2021-03-11 13:58:41
842,"",145,793,24,2021-03-11 04:14:29
843,"",450,398,24,2021-03-11 22:36:47
844,"",169,288,24,2021-03-11 14:21:56
845,"",911,637,24,2021-03-12 05:12:25
846,"",685,220,24,2021-03-11 16:40:26
847,"",202,691,24,2021-03-12 12:49:57
848,"",546,879,24,2021-03-11 13:34:27
849,"",926,939,24,2021-03-12 08:21:44
850,"",637,196,24,2021-03-11 06:20:35
851,"",834,152,24,2021-03-12 05:37:47
852,"",258,883,24,2021-03-12 00:53:06
853,"",279,629,24,2021-03-12 02:47:39
854,"",843,760,24,2021-03-12 15:10:38
855,"",46,296,24,2021-03-11 17:18:13
856,"",139,77,24,2021-03-12 11:00:43
857,"",215,820,24,2021-03-11 10:49:16
858,"",924,784,24,2021-03-12 22:12:52
859,"",426,968,24,2021-03-11 13:07:35
860,"",768,273,24,2021-03-12 03:44:28
861,"",444,985,24,2021-03-12 01:09:44
862,"",776,725,24,2021-03-11 08:21:01
863,"",944,979,24,2021-03-12 16:34:39
864,"",146,475,24,2021-03-11 18:09:26
865,"",102,611,24,2021-03-12 08:35:00
866,"",999,257,24,2021-03-12 03:42:56
867,"",109,296,24,2021-03-12 02:48:50
868,"",183,101,24,2021-03-11 16:53:02
869,"",424,620,24,2021-03-12 17:03:34
870,"",582,65,24,2021-03-11 16:05:45
871,"",41,407,24,2021-03-12 06:32:49
872,"",960,955,24,2021-03-12 05:24:17
873,"",661,299,24,2021-03-11 03:13:26
874,"",801,649,24,2021-03-11 12:44:16
875,"",938,874,24,2021-03-11 07:54:27
876,"",291,846,24,2021-03-12 09:53:57
877,"",551,145,24,2021-03-11 19:45:43
878,"",180,430,24,2021-03-12 11:14:05
879,"",311,858,24,2021-03-11 22:03:03
880,"",796,358,24,2021-03-11 12:02:56
881,"",97,80,24,2021-03-12 11:40:20
882,"",482,320,24,2021-03-12 04:23:28
883,"",112,140,24,2021-03-12 12:51:20
884,"",383,780,24,2021-03-12 04:02:52
885,"",976,271,24,2021-03-12 08:08:59
886,"",514,767,24,2021-03-11 21:38:33
887,"",249,200,24,2021-03-11 01:26:40
888,"",511,464,24,2021-03-11 15:59:23
889,"",100,775,24,2021-03-11 16:06:15
890,"",416,411,24,2021-03-11 03:16:34
891,"",905,588,24,2021-03-11 14:37:10
892,"",783,856,24,2021-03-11 20:50:35
893,"",476,467,24,2021-03-12 16:28:15
894,"",210,149,24,2021-03-12 22:22:53
895,"",262,49,24,2021-03-12 00:31:06
896,"",98,158,24,2021-03-12 10:51:36
897,"",303,854,24,2021-03-12 14:35:44
898,"",387,541,24,2021-03-12 10:07:38
899,"",787,998,24,2021-03-11 17:55:04
900,"",827,809,24,2021-03-11 06:49:04
901,"",976,958,24,2021-03-12 13:08:19
902,"",841,220,24,2021-03-12 05:58:13
903,"",35,625,24,2021-03-12 02:04:32
904,"",426,671,24,2021-03-12 21:11:42
905,"",712,562,24,2021-03-12 02:23:53
906,"",254,425,24,2021-03-12 03:38:58
907,"",447,239,24,2021-03-12 19:09:07
908,"",468,396,24,2021-03-11 21:49:52
909,"",290,84,24,2021-03-12 09:57:17
910,"",722,829,24,2021-03-11 08:34:46
911,"",861,536,24,2021-03-11 15:11:35
912,"",157,371,24,2021-03-11 03:20:42
913,"",507,759,24,2021-03-11 17:57:45
914,"",794,944,24,2021-03-12 21:30:17
915,"",871,642,24,2021-03-11 13:42:27
916,"",364,578,24,2021-03-11 12:21:49
917,"",7,976,24,2021-03-12 07:03:36
918,"",292,894,24,2021-03-12 07:39:26
919,"",423,456,24,2021-03-12 01:56:20
920,"",37,670,24,2021-03-12 17:14:19
921,"",854,524,24,2021-03-11 18:06:08
922,"",984,782,24,2021-03-11 22:08:08
923,"",511,8,24,2021-03-12 21:46:28
924,"",897,278,24,2021-03-12 17:47:07
925,"",483,578,24,2021-03-11 07:19:29
926,"",356,883,24,2021-03-11 07:56:34
927,"",323,494,24,2021-03-12 21:50:24
928,"",541,891,24,2021-03-11 11:21:58
929,"",765,448,24,2021-03-12 20:56:16
930,"",744,160,24,2021-03-12 18:24:16
931,"",293,592,24,2021-03-12 06:18:13
932,"",379,490,24,2021-03-12 02:30:06
933,"",187,212,24,2021-03-11 18:34:36
934,"",609,823,24,2021-03-12 03:32:27
935,"",976,376,24,2021-03-12 17:10:59
936,"",923,188,24,2021-03-12 22:40:50
937,"",293,326,24,2021-03-11 13:21:40
938,"",90,598,24,2021-03-11 03:20:20
939,"",271,393,24,2021-03-11 10:51:20
940,"",868,115,24,2021-03-11 04:45:13
941,"",647,100,24,2021-03-12 09:00:30
942,"",612,595,24,2021-03-12 00:52:03
943,"",949,295,24,2021-03-11 14:55:13
944,"",246,701,24,2021-03-11 20:57:17
945,"",45,21,24,2021-03-12 15:33:45
946,"",233,423,24,2021-03-12 13:10:48
947,"",164,755,24,2021-03-11 19:03:32
948,"",513,706,24,2021-03-12 08:17:48
949,"",339,491,24,2021-03-12 14:09:25
950,"",958,222,24,2021-03-12 08:16:08
951,"",816,621,24,2021-03-12 23:21:02
952,"",175,625,24,2021-03-12 10:19:27
953,"",188,303,24,2021-03-11 06:32:23
954,"",70,239,24,2021-03-12 07:39:12
955,"",903,241,24,2021-03-11 06:53:48
956,"",26,887,24,2021-03-12 07:26:01
957,"",886,178,24,2021-03-12 15:04:34
958,"",143,547,24,2021-03-12 18:00:32
959,"",629,933,24,2021-03-12 14:08:51
960,"",345,591,24,2021-03-11 13:15:30
961,"",431,115,24,2021-03-12 11:16:32
962,"",517,248,24,2021-03-12 11:38:32
963,"",122,660,24,2021-03-11 12:11:29
964,"",28,516,24,2021-03-11 06:56:49
965,"",225,125,24,2021-03-11 02:40:22
966,"",836,265,24,2021-03-11 23:49:17
967,"",906,225,24,2021-03-11 13:29:18
968,"",672,227,24,2021-03-12 12:36:38
969,"",328,925,24,2021-03-12 12:16:23
970,"",38,875,24,2021-03-11 05:50:58
971,"",348,87,24,2021-03-11 10:10:40
972,"",835,34,24,2021-03-11 19:27:22
973,"",402,387,24,2021-03-11 12:09:11
974,"",52,616,24,2021-03-11 09:46:01
975,"",66,439,24,2021-03-11 07:17:57
976,"",374,796,24,2021-03-12 21:24:22
977,"",216,352,24,2021-03-11 06:27:33
978,"",779,180,24,2021-03-11 12:37:22
979,"",646,251,24,2021-03-12 07:47:27
980,"",974,737,24,2021-03-12 00:22:19
981,"",705,978,24,2021-03-12 02:59:15
982,"",370,921,24,2021-03-12 06:01:58
983,"",397,597,24,2021-03-12 08:51:21
984,"",460,957,24,2021-03-11 11:43:06
985,"",151,984,24,2021-03-11 21:34:12
986,"",239,564,24,2021-03-12 20:53:31
987,"",271,976,24,2021-03-12 16:04:08
988,"",638,794,24,2021-03-11 15:53:07
989,"",55,564,24,2021-03-12 00:08:58
990,"",655,11,24,2021-03-12 21:16:25
991,"",644,896,24,2021-03-12 14:39:40
992,"",817,97,24,2021-03-12 12:57:57
993,"",760,174,24,2021-03-12 11:14:49
994,"",2,942,24,2021-03-12 04:18:22
995,"",666,199,24,2021-03-12 08:47:32
996,"",326,405,24,2021-03-12 05:43:06
997,"",988,726,24,2021-03-11 00:38:53
998,"",433,722,24,2021-03-12 01:59:27
999,"",314,410,24,2021-03-12 15:16:32
1000,"",467,523,24,2021-03-12 07:33:27
